'3E 'DE/13) ,,
,,
1,'DF,') 'D#(*/'&J) 'D3'DEJ) (FJF ,
2,'DF,') 'DE*H37) 'D3'DEJ) (FJF ,
3,'DF,') 'D+'FHJ) 'D3'DEJ) (FJF ,
4,'DF,') 'D#(*/'&J) 'D3'DEJ) (F'*,
5,'DF,') 'DE*H37) 'D3'DEJ) (F'*,
6,'DF,') 'D+'FHJ) 'D3'DEJ) (F'* ,
7,'DF,') 'D#(*/'&J)  -HDJ (FJF ,
8,'DF,') 'DE*H37) -HDJ (FJF ,
9,'DF,') 'D+'FHJ) -HDJ (FJF ,
10,'DF,') 'DFEH0,J) '(*/'&J (FJF,
11,'DF,') 'DFEH0,J) E*H37 (FJF,
12,'DF,') 'DFEH0,J) +'FHJ (FJF,
13,'DF,') 'DFEH0,J) '(*/'&J (F'*,
14,'DF,') 'DFEH0,J) E*H37 (F'*,
15,'DF,') 'DFEH0,J) +'FHJ (F'*,
16,'DF,') 'D#GDJ) '(*/'&J 'DEFBA (F'*,
17,'DF,') 'D#GDJ) E*H37 'DEFBA (F'*,
,,
,,
,,
,,
,,
,,
,,
,,
,,
